<?xml version="1.0" encoding="UTF-8"?>
<project-private xmlns="http://www.netbeans.org/ns/project-private/1">
    <editor-bookmarks xmlns="http://www.netbeans.org/ns/editor-bookmarks/2" lastBookmarkId="0"/>
    <open-files xmlns="http://www.netbeans.org/ns/projectui-open-files/2">
        <group>
            <file>file:/C:/Users/joao.schmitt/Desktop/Git%20Repositories/Framework-Read-Serial-Arduino/Watchful/Watchful-war/src/java/watchful/edu/resources/UserResource.java</file>
            <file>file:/C:/Users/joao.schmitt/Desktop/Git%20Repositories/Framework-Read-Serial-Arduino/Watchful/Watchful-war/src/java/watchful/edu/resources/HomeResource.java</file>
        </group>
    </open-files>
</project-private>
